sequence,label
GCTGGAATAGCCCGTACGTG,1
ACGGGGACATTCAGCTTGCT,0
AAATGATGGATAGAAGATAG,0
ACTTCGATGGTCCGCAGGTG,0
ACAGTCAGAAGCCCCCTAAG,1
TTTGAGACCATACTGGCCGA,1
CCAACCGTCACAACCATCGA,1
AGGTAATAGGACATCTTTGT,0
TAAGAACGATCGGTTTCACA,0
ATCTCGGTGCACAGATGGAT,1
GAGCCCTGCTGATGCTAACC,0
CTGCAGCGGCGGCCTCGATC,1
GTTTGTGATCGTGCCCGAGG,1
GGACCTTGCCCTCGCCAGAA,0
TGGTTGAGTCAATTATGTTT,0
CCGGGCGTCCCCGGTCCACA,1
TCTGGACTGGAATGCCCTGC,1
GACGCGCCGTTATAGGTCAC,0
ACCGCTGTATCTGCCACGAT,0
TGGAGACAAGCAACTACTCA,1
GCGCCAAAAGTTCTTAAGTA,1
TTCGTTCATCTACACTCGAT,1
GATTCGGAGGACAGACATGA,0
TTTTGGGTGACGAAGTCTAC,1
CTGTCAGCTCAACTGCACTG,0
GCGTTCCAACTTCTCTGACC,0
TCCGAAAAGACCGGCTGTGT,1
CCACTCCCCCTGCTAGTTCT,0
CCGGTCCTGCACGGTTAACT,0
TCTATCTTACGCTCAGATGA,1
AGAGCTAAGTTTCGATACGT,0
TCAAAGAGAAATTTTCTAAT,0
GCAAATTATGCTCCGTCTTC,1
ATGGGCAGATTGTCCAAGAT,1
ATTTGAGAAAAACGCACGTA,1
GGACTCGTATTAGCTAGAGG,1
AGAGGAGCACCACTCGGTCA,0
GTAAAATCCCGAATTTCCCG,1
ACCCGGTTTCGACTCCCGGA,1
TGAAGGCGATACCCTGTTGC,0
TGGTGTCCCTCGGCGACGAT,1
GTGAAACGCGCTTACGAATC,0
TATGGGCGCCGCGCGCGCAA,0
TTTCAAAACGAAAGTGTCTT,1
TGCTCCGCCACCGTGTACTG,1
TATGTCCGGACGTTTGTCGA,1
CCTGGACGATTTCATAGCCG,0
TATCCACTGCATTAGGGCAT,0
TCCAGTCGCAATGGATCGGT,0
GTCCAAAGCGAAGTCAAGCA,0
AGGCAAACCCTAAAACAGGG,0
CAACTAACCGCCCTTAAAGT,0
CGCTTCAAATAGATCTCTCA,1
ACTATCGACGTATACAAGAG,1
GCACAGTCCTATGCCGTTAC,0
AGAAAAACTTAACGACTGGA,1
GACACTGGAACAAAACAAGT,0
AAAGCTAGAAGGTTCCCACG,1
AGGCGGCCGAATGAGACTCT,0
AAGGACCTAGTTTATACGGG,0
AGATCCTCCGTGACATTGTA,1
GTGATGCAGTGGGGTAGAGA,0
TAGGGGTCGGATAGAGTCGC,0
AGCACGTTTAGGAACGATTT,1
ACTTTTCCGGGCCTAATTAT,0
TAGCAGCGAGTCCGAAAGAT,1
ACAATAGGACCGCCACTTTC,0
GCACACAGCGTGCGGCTGCC,0
GGCATTCGGTGTAGAAACAC,1
ATGTCCGCTGGTCCAGAAGA,0
AATATTGAATAATAAACCCT,1
CGATGCTTATGGCATTCACA,0
GATGTATGTCATAGGTGGGT,0
GCTTAACTGCTGTGATTTCA,1
CGTACGCACGTGTTTTATGC,0
GCTTCTTATGTATCTTTACG,0
TATTTATAGTAACTCGATGC,0
AGACTATTTCTGGTTCTTTA,0
CACTCTATACGTAGACGCCC,1
CCGACCCCCGCACAACCAGG,1
GGACCGATAGTTACTAGTCC,0
ATCGAGGGGCCGCGGTTTGT,1
AACCTAGTGTTAATTAGGGC,0
GGTCAAAGTAAATGGTCACT,0
AATTGAGAACAGAACCACTG,0
AAGCATAAACGGACTCAGCT,1
AATTATGACCATGTCATAGG,0
ACTGGTTGATGTCAGTCACT,1
TAAGCCGTGATGGGCTCCCC,0
CGTCTACGTGAAAGATTCTA,1
TGTAAGCGTGATAATAGGAT,1
TATGTCCTCTAGACGTCTAC,0
TTTACATCCGAGGGTTCTTG,0
TTGTACGAGTACAGTCTACT,1
TACCTTAATAGGCTAGTCTC,0
TCCTAGAGCCCATTATTGCG,0
ACCCAGAACGTTGAAAGAGG,1
AGCTGGCCCAACTTCCAGAG,0
CGAGAAAGGGAGTTTGTTAG,0
CACGAGGGCGCGAGATATGA,0
CTGATCACATGACTCTGTAA,1
CTTTGGAGGGACTACACACC,0
ACAATTATCCTTGTCACCTC,0
AGACGTTGGCTTCTATTAGG,0
ATAGCCCCAATTAGTTTACG,1
TCACAACCATTACGAGCCCA,1
ATACCAAATACTAATGTAAT,1
GAGGACTCGTCCACTGGTGT,1
CCTAAGACAGTTTACACACT,0
GCGAACGCAGTGTCCCGGAG,0
CGTAGGTCTTTACGAACGCC,0
CGCGGGATGGGAGGGAGCCA,1
CCCTTAATTGTTGTTTCATT,0
GGATCATCCCCCTATGCAAG,0
GTCTGGTCTGGAGATTAGAA,0
TCTCGTCGCTTCCCGGCGGG,0
CATAGCCAGACGCCTTGCCG,1
AAAGATATAGGCTTTCAGGT,0
GTGGATAGACTGGCGAGCAA,0
GACTGCCGGTCTAAGTGGCG,1
CATTCGATGTCTTTAATGAC,1
ACTTCCCCACAAGAGGTCGA,1
GCTCTGTGTCCTGTGGAACT,0
GGCCATGATCTGTAAGTCAT,1
CTTATACCACCGACCTATTC,1
CTCGCATGGTCTTGATCTAA,0
AGGCGCGCCCTATTATCCTT,1
AAGCTCGGCCTGTTCACCGT,1
TTACCAAGTTAAGGGTGATT,1
CCGCACTTTGGAAATCAGAC,0
TATTCTACCACGACAGTAAG,0
TTGTTTTGTAGGATCGCCGA,0
CTATACTAGCGTCGAAACGC,1
CATGGACGTAGATAAGCGGC,0
CCCTCCCCGGCTGTAGCTGT,0
GCCAATGTGTGTTATGAGCC,1
CCAGCCCACTTTGCTTGTCT,0
GGCCCGTGACGAGGCCGGAA,1
CGCCGCAAGTGCTTGTACCT,1
CGACCGCACGGGAGGGGGCC,1
GTGCTGATCCGGCAGCCGAT,1
CTTAGTAGATTAACCTCGAC,1
GCGTGTAGAAGGCATACGAC,0
AGTGACCGAAATTCCCCAAA,0
CCCGGAAGTTATGCTTACGA,1
TTCATATGATCTCGGTGTGT,0
ACACCTTAAACAGGCCGATT,1
ACGAATGGATATGGGGAGTG,0
GTATGACGTTCCGAACAGCT,1
TGTAGGTAGCTCGCACATGA,0
ATTGCCCCAAAGATTCTCAT,1
TGTTGTCCAGTAGCGGATCT,1
GGACTCCGCTTACGTAGGCT,0
GGCCCGTGACAAATTCTTAC,0
TCTTAGATCTGTTATATTAT,0
TACAAGATGCGCTCAAGCGG,0
AAAACCTTAAATGAATCAGC,1
ACGCGATATTCGCATTTCTA,1
CTACGCAAGACCGCCGCTGC,0
GCAGCTTCGTACGGTGCTTG,1
CTGAGGCGCATTCAAGCCAT,1
ATTAAAGGCGACAATTGAGT,0
ATTCGGGGTGAGGCGGCAGC,0
CATAAAAGACGCGTGCATTA,0
AACCTGGAGAACTAACAAGG,0
AGAAGAAGAATTTAATTATG,0
CTAGACATCTGAGGACGCTT,1
GTAGTATGTAGTCCCTTGGG,1
AAACGTTAGAAAAGTGCACT,0
AGTCCACTTGGCATTAGCAT,0
GGACGCTAAGTCCCAGTCGC,0
TCGTTCCGATCCCAGTTTCA,0
TTGGCTCGGTTCCGACCCCA,1
CATCTATACAGAAGGCGTAG,0
ACATCAAAGGGAAAGGTAAA,1
AAGTACAACAGCGGGCGTCT,1
CTTGTTTCTGCATAGGCTAG,1
ATCGATGGCCCGGGTCACGG,1
CGCGCAACGATTCATCGGAG,0
CACGAAAAGCACTGACAACG,0
ACGGGAGACGGCAGCCAAGG,1
TAGGGGTCAGGAGGTACCAA,1
GAGGACGCCTCTTCTCGTAC,0
ACTAAATCCGGAATCACAGC,1
CGGCTAGTATTATGAGGATA,1
ATCTTGCCAATGCGACCGGA,1
CCACAGTCTGAGTCAATTTA,1
GAGCCGCAACTAACGTCCGG,1
GACGACCACGCCGCCTACTA,0
CCGCTCGTCGGATTGAACCG,1
ACGGTGTCAAGAGGTACAAC,1
CCGTATGGATATAATTCTTA,1
TACAGCCGTCATACCCACCT,0
CCCCTCCAATACCATAGTAT,0
AGCACCATTCTAAAGTTATA,1
CGAATCGTAGTCGGCCGGCG,0
GGCGGGGGCTTAAGCCTGGT,0
GGGCTTTTACTATCGTTACA,1
ATACGCTCATTCACTTCTAA,0
TCCGAGAACGTGATGCTACT,0
ATAGTTAACCCGCAAGGAAC,0
ACCCTTTAACGAGGTTTCGG,0
CGCCTGCGTCCGAGCGATGA,0
GCTAAATGTGCCGAATTCCA,0
AAGGCGTTGCGGCGTCTGTA,0
GACACGTTATTAAACCGAAC,0
ATTCTTAGACTTCTAACCGA,0
GCAGCTCAGACTAAGAGTAG,1
GCGTAAACATTAGCAGATGT,0
TAGCCAAGGCGTGCCTATCC,0
CAATGGGAGGACGTTCATCA,1
CAGTCCATCGTTCCGACGAG,0
CTGATTTGCGCCGTAGTTAT,1
TTAGAAGTCCAGGCTACAAA,0
CCATCCTCGTAATCTGATCC,1
CCAGACAGAACATCGCTTGT,1
TAAAAAAACCGGTTCCGATT,1
TTGGTGAACGGGAATCAGGA,0
GAATACCAGCCCCTACAGCT,1
ACAAGCACAGGGCATATCAT,1
GCTTTCTGAGTTCGCGAATT,0
CCGAAAGGACAATCTATAAG,1
AATATGCATATTACTCTAAG,1
GTCCGTCAACATGTATAGTG,1
AAGCCAGATACATAGCCCAA,1
TGCTCGGACAGTAAAAACTC,1
ACAATATATCCGTGTAGCGT,1
TTAGCCGCCCGCTTCCTTGA,1
TTTGTTGCCGATAAAATAAA,0
GCGTGCAACTCGGGGGAGTA,1
GATAGAATGACCACCGGCCT,0
GTTGCTAGGTCTCGTCTGGT,0
ACCCGAATGCGGCAAGATAT,0
GCGCGTGTCTGCTGCTACGA,0
GGTAAACACACCACCTCTTG,0
AACTTGCGTGTGCAGTCGTG,1
AATGCAGACTTCGTAACGAG,0
GCAGGAAGTGACGATATGTA,1
AGTGCATAGAGAAGGTTACT,0
ACACCTCACCAGTGCGTCAT,1
GAGGTTGTACGAGATCCGAA,0
GGCCCTCTATAAGATCTCCC,0
CAGGGGGGCGTCTGTAGAGG,1
CGGTCGCTAGCCGCCCTTTT,1
AAGCGTAACCCTTCCTTGAG,1
CACGGTTCCTGCCACGCCTT,1
CTCCACGCTACAGAAATGTT,0
CTCCAACGAGATGACTGGCA,0
GTTTCCGGGGATCTACTGAC,1
GGCTGAGGGAAGCTTGATCT,0
GAGCCTCGCATAATACTGTT,0
ATGGAGCGTCCAGAGGACGG,1
AATTCTCAGGCTCCTGTTGT,0
GCCGAGATTAAAGAGTTATG,0
GATTGCTACGGTCATCAACT,1
AGTCGCTTTATTATACAATG,0
CACTGTGTCGTGCAGAGGCC,1
TCAGCTCCAATAACTGGATC,0
GCATCCTTATATTATAACCC,0
ATATGGCGGTAAGCCGTCAC,0
TATCTCCCGAATAGGATGTG,1
CGCACGCCGACGAGTACATT,0
TTCATCCGGACCTGCTTTGC,1
TTGGGTAGAGACCCCGGACA,1
CTCATGGAGCTTAACGGTGT,1
ACTTGGGTTGGTGAACCACC,0
TCGATCCCGTAGCGACCGTT,0
GATGTGTAGCCCGGAGGGCT,1
CGAGCTCAATCGCTGGTCGG,1
TCTGTCACTTTGTAGATCTC,0
CCACGCATCGCTTTATGTGT,1
TAGAAAGCTCAAATAGCTCT,1
TAGGTACCGATGGCGCGAGT,0
TCGTGTTCCCTGCAAACACT,0
CGTCTCTAGCCATCGGCAGA,0
CAACCGCGCTAACGCAATCC,1
ACCATCTTAAACAGCCCAAA,0
GAATCGGCCCTTCATCAAGA,1
AGTCCTCGTCACACAGCCGA,1
CTGACACTACCTATGCCCTA,1
TCATGCACCTTACGTCAACC,0
TGGAAATCCACGTGATCATC,1
AGTGCCTGTTATTCTCCGAA,1
TAGGGTCACACGTCAGCCCC,1
TGGGGCCCTATGAGATCGGG,1
TCTCGACTTCGCCAACGCTA,0
AAAAAGTGACTAACGCTCTG,1
TCGCGATCGATGACCAGTTT,1
CACGCGGTGACATGCTCCGT,1
GAGGCCGAGTATTCAGTTCT,0
TGACGCGACACAATCCGGTG,1
TTCTCTCCGTGCCCTAGGCG,0
TACGTCCGTGAAGTTTGCTA,0
TGGGTAAAGTAGAAACCTCA,1
CGCGCAAGGCATACTAGGTA,0
GTCGTCGAAGCTATTTACTC,0
ATACGGAGCAGGTCCGCATC,0
GACGCAACAGGGTTCAACTA,0
ATGTGCAAAGAACCAACTCG,0
AGATCGTCGGATGTTGAACT,0
CGAGCGCTTGTGCGGACCTC,0
GATTTTATCCGTGCAGTAAC,0
ACCTGCTCGCCCAGTCGGCG,1
GATACGCATCTCACCGTGCT,0
ATGAGGTACTAAGTGTGACA,1
TGCTAGACTCAGCTCAACGA,0
TTCATTGCCCGTGCCATCCT,0
TAAGCTTTGTTGCGGAACCG,1
TGAACCAAAGTAGGCTTAGT,0
CAAGTTTCGAGTAAGTCCCG,1
GGTGCTTTCACCCAGTTAAT,0
GGTAACCTACTATAAGGACA,0
AGTCTGGGTCGTTCGGCATG,0
TTTTATAATCGGTTCGCTGA,0
GTCGAACGCGCGATGTCAAT,0
GGGCGAATGCAGATCGAGAG,0
CATCAATGAGTCACGTACTG,1
GGTACTATTCCGTCCCAATC,1
AAGGTTGTGCTAGCGCCGGT,1
TTTCTTTATTCTGGCCTCTC,1
AGTTTATGAAAAAAATATCA,1
GGGGTGAATCAACACTCATT,1
TAACGAACGTCTGGAGCGGA,0
TGCGAATCCTCAATCCCCCA,0
CCCACCGCAGAAACACAATT,0
TGGGGGCTTTCTACAGCGTA,0
GACGTAGGTCATGACGTTCG,1
TCCGCCACGTGGGGAGAGCT,1
TGCCTATGTTCTCCCACTTT,0
TCCGCTGCGCCAAATTTGCC,1
CCCACAGTTTTGCTAGATAC,1
GAGGAAATCAATGGTTATAT,1
GGTACTTACAGCTATCCTAG,1
GCTATGTCTAGCTTGTAGAC,0
GCGGCATCAGACAGAATATC,0
ATTCGGATCGTCAAGTTTAT,1
TTCATGGATTTAAGCCCAAT,0
AGTTCATCGTCCCGTGGGGT,0
GAGCAGCATGGGAGTTAATG,1
TGAGCGCGGGTGGGGGCCCT,0
GAATAGTATGATGTCCTATT,0
ACCTATAGCACAGCTCCGAT,0
GGTGCGGAGCCTTAGGCGCC,0
ATTGGGATGGGTAGGCTACT,0
ACGCTGCTGGACAGGGACAA,0
GTATCCCTACGCGCTTCTAG,0
TTAACGGTGGGCTTTAGTGA,1
CCGTTCCGGTTCAGTTCGGG,0
TCGAGGATACGACCCTCAGC,1
GGCTATTTTATATTGACGGC,0
CGCGTGAATTTAAGGCATTA,0
TACCCATATAGTCCAAGTAG,0
GTTGGGACGCACAGGAAGGC,1
ATCTCTCGTAATACTCTGCT,1
GTCCTATCAACACATTAACG,1
AAAGGATTGAACCATCCACT,1
GATGGCGAGTGAAGGTGGCG,0
CTTAGAGTGGTAGACGGTCG,1
GCTATGTATGTCCAGCAATA,0
ATCGGATCACACTAAAAACC,1
ATTGGAGCACGAACGGGGCT,0
GAGAGTCCTTCACTTATTCG,1
AGGCCGGAGCCGTCGCCACG,0
TAGCCTGCTTGCCGGACGGT,1
ATTACCGAAGTCTTAACTAA,1
GATCATAAGTAAATATAGGA,0
TGAGGGATTGCCAAGTCTAG,1
GCCCTTTAAGCATCGCACCG,0
CTTGGGAGCCCGTAATGGGG,0
TAATCGGACAGTATAGGGTA,1
TTTCCATCACCTAAGTGATA,1
TCGAGATCGAACTCACTTTT,1
TCTAGAGACGAATGTTAAAG,0
TTCGCACCACTTATGGAGGC,1
TCGATAAACGCGCCCGTTTC,1
CGCGTTGTGATGAGCATCGC,1
TGAAATAGCACATTATGTGC,1
CTTACCAACGGCTCGCACTC,1
GGATTTGCTCACCACCGCGT,0
GAGCGCGTATGGATATGCAG,0
GGAAGCACTATCGGTCTGGC,1
TCAGCTAGTGTCCGGTCACG,1
TTGACAGTCGCCAGTGTGAG,1
GGTGGACACTTAGACCACCG,0
TACTAAAGGACTTCACGAGA,0
ATGGAGTGAGGCGTGTCGAG,0
CTATCAGTCTGCTACGCCTT,0
CCGTCCACGTATAGGTTGTT,0
CCTACTGGAGATCTTTGTGC,0
ACCCGTCGCTAGGACTTTTG,0
TAGACCGCGCTCACCTTACG,1
TAGAATTCGCCACAGGGGAA,1
ACTACGCACGTATAAGCATT,1
GGCCGTTAGACAAACCGAAT,1
CGCTGAATTACCCCGCTGAT,1
CTATTTGTAATGACACCCAT,1
TTATATTCCGAGAGATATAG,1
CTCGTTACTGCCCGCACCGG,0
ATGTAGCACGAGGTCTGTAT,1
CCCGGACTTCGAATTGGATA,1
TCTAACTCACCGGCCCCTAC,1
CCGAGCGCCATATCGACCCA,1
TCGCCGGTGTACTAGCATAC,1
ATAGTGTATTTTACGGACCG,1
CCATATTTATAGCAGCACTA,1
TACGGTCGAGTTACTTAGTC,1
AAGGCATGCCTCCGATGGAG,1
AGTACCAATGGCTGCTTGGG,1
AATTTTAAAAGCAGATCGCT,0
TCCCCCTTTTCACGGGGGGC,0
CGCGAGGAAACGAGCGTCGT,0
GTCGCCGGCTGCCGTCTCAA,0
CGTGATGTAGTCGGACCCAG,0
CTTAGCTTCGTTTTGATTCC,0
TGAAGATAATGGCAGTGCAG,1
CCTAGTATGCCGGCTGCATA,1
CAAAAAACATAGCCTCCACC,0
TGTACAGTCATAAGCCTGTT,0
ATCGACAAATCGGCTCATAT,0
GCAAGCCATCACGTCGTCGG,0
TAGCGCAGGAATGCATCGAC,0
GTCAAAAAACGATCCGTGTA,0
GGGTAATCACGACAACTTGG,1
TACTGGGTGTACCTAACAAC,0
GCACATCTGTGGTACTTCGG,0
ATCCCGCCGTCTCATCTAGG,0
CTATTTACCAGCCTGACCTC,1
CCTGATCTTTCAAAGCCTGC,0
GGTTTCTGTCAAGATTCGCA,0
TTCGACAGGAAACGTCTGCT,1
TGCCAATCCTAGAGAAAAGG,0
CCGTACATTGCAGACCGCGC,1
CTGGGGAAAAAGACAGAAGG,1
GCACCTAGGCTGTCAGGATC,1
CAATAGTAGGAATACTAAGT,0
GTATAGCAAATACAGCAGAG,0
TGTCAGGAGCCGACGCTGGG,1
ATAACTAACCAAATAGGGTC,1
CATGACTCGGCGGACGCTAT,1
TCGGGAACTGCCACCTGTGA,1
GCTAGTGCTGATCGGACGAC,0
CCGCTCTAGCGACTAGTGGT,0
GAGTGCTCGCCGGTCCGTTG,0
CGTGTGAACAGAGTCGGACT,0
AGGGGAGATCCTTCGAGCTT,1
AGGGTAGGAGCGTTAGCATT,1
ACTAGTTAGCTGCACTCTCA,0
AGTGAACGGAAGTAGGAGCA,0
CTATTTAAGATTGTTTCAGA,1
TGATATTAGAGCTTTCGCGA,1
CATGCGCTTGTTATTACTCT,0
TAGTTACTGAGATTCGAGGC,1
GTAAGATGCTGGCGTAGAAG,1
AGTTCCTTTACAGACACTGC,1
CCAGCGCATCACAGAATCCC,1
GACACCCCCCGCCGTCTGTG,1
GCATCGAGGAGGCGTGTCAA,0
GCTCGAAGCTGTCAACGCTG,1
CTGATAAGGTCACGTACGTA,1
GTGTAATTTTCTGGGTCAAT,1
CCTAAAGTCATCAGTAGTGT,0
CAGTACGCAATTATTGTCGT,1
CATTCGCAGACCTCTTCAGC,1
AGTGGACAAGACCCGAGGCA,1
GGCCCTCTGCTACCATAGAG,0
TGACCGGTAAAAAGACGAAT,0
CCCCCCGTTTGAGTGGGCCG,0
GAAAGTAAAAAAACACGTAC,1
GTAGCAGCCCAGCCATAGCA,1
CATCGGAGATCGGGTAGGAA,0
ACCATTTCAGTCAGGTTGGA,0
GTTATTGGGGAGGTCAGGGT,0
TTGCCATGTTTAATGGGTCT,0
TAGCTGAGTATCGGAGCTCT,0
CGCGTACATCTCTTCACGAG,0
TATTACTTCAGAGCGTTCGT,0
TGGCATTGGACGTATCGTTA,0
GCTAAGAGTGTTCTATAGCC,0
AAACAGTAGTCCATGGAGCT,0
GCCCTTCTCATTTGAGAGCC,0
TCGTGTAGCATTGCTGAACG,1
GTACGGGTTTACTCAAAATC,0
CTGGGAAATTAAGCGCGGTT,0
TTACCATAGTACAACAATCT,0
TGTGACCTGAAAATATGACA,1
TGGCATCTCTATGGCTCGAG,1
TGGACGCCTATTGACGCAGT,0
TGATCCCGAAGCCAACATGG,1
TTGTCTGAGGTTGAAGAATA,0
GGGATCAGACCGCGGGCTTT,1
ACAACTAGTTAATTGTAAGG,0
CGCACTAGATCATCTCGCGC,0
TAAGACTACATCACGTTCGA,0
ACCATGGACTAAATGCTATA,0
TAGTGGTACCGCGGGAGAAG,0
AGCAAGGACATTCTAGCCTC,1
TTGCAATATAATTTAGCGAG,1
TTAACATATTATACGGGATA,0
CCGTACCCGGGGTGTAATTA,0
ATATTTATGTCATGTCCATG,1
AGGGGTAAATGAATCTCCGA,0
ACTATCCGATGGCGGATCAA,0
CCACTCGCCCCTCGTATTCT,0
CGTTTAAAAACGGACCGGAG,0
GACTCAGGGCCGCCCGCGCC,0
GTGGCGGGTCAATGGCTGGA,1
GGCGCTGGGTCTATCTTAAG,0
GTTCTGAAGGGCGAAGTTTG,0
GCCCGTGGATCATTGGCGCT,0
TTCCGGTGCCGGCGGTGAGA,1
TTCCCGAATCGTCCGGGCTA,1
GCCGAGGCAGGGCCTCGGGC,1
GCACCCCTCTAGTTTTGAAT,1
TACGGATGCGGTTCGCCACG,1
AGCTGAGCTGATGGGCTCCA,1
AAGCAGTAGGAAAGCTGTTG,0
AACTAATTGGCAGATAACAG,0
GACCTCATTCGGTGCCATGT,0
CCGGAGCATCTAAAAAGTAA,1
TAGGGAAATCGATGGCTCTG,1
CTCCTAGGGGTATGGGCATG,1
GGACCGACGTTGTAATCTTG,0
TTAAAGCCGTACTCTGAAAC,1
TCCTCGTGCCTCGCCCATAG,0
TTTCGGGTACCTGTACCCAA,0
TCGTAGAGATACGAGCAACC,1
GACAGGACTAAGAATTGTGA,0
CGGTGGCAAGCACTTGCTGC,0
GCGTTGGTTTAATAATGGAG,0
GTCCAACGGGAGACCTCGCG,1
TGCTCAATCACAATCAGGAG,0
TTTGACATTAATCAATTGTC,0
TCCAGGCAAGCCCTGGAGAT,1
GACCTCAAGACCTCTATTCT,1
AGGCGCAGCTTAAAATCCGA,1
GAATCCATACCCCACGAGCC,0
GACATCGTCAGTCCGGGGGA,0
TCAGGTGTCAACTTAGCCGG,1
GAATCGAGCGATGGATTCTT,0
AAGCTCTCCGCATCTCGGAA,1
CCAGCCCATGCCTGGGGCCT,0
CTTGAACAGCGACCCTTCGC,0
ATGATCTGGGACCAGTGGCC,1
CAGTGAGGCCAGAACCGCTG,0
CCGAGCTACGACGGTGCAAC,0
GTGATGCTAAGCTCCCTTTG,1
AAACCTCGCATGTGTGTGGG,1
CCTCGGACGTCCGCAAGTGC,0
GTCGGAGACGCTACTGTTCT,0
TACTTACGAAGGTGGCGCGG,1
CTGATGGGAACAGTATTTCG,0
GTGAAGTTCTCAGCTACACC,1
TCTCATTCCGCACGTCCGGA,0
CCCTGCCTGCCTTAGTAGAT,0
CGAAGTGCGCACGAAATACG,0
GCATCAGCTCGCGTCGGCAT,0
CTTAACAACAAGTAGCTCAG,1
CCCCTTAACACACATCCGAT,1
GCAATCACGCGCCACTGACC,1
ACGGTAGTCAGGTTATCTAG,1
CTTATATCACAAAAGGACGA,0
GCGCCGGGCTAAATTGGGGA,1
ACTAATCAGACCCGTCAAGG,0
TACGAGGACTGGTAAAGTAT,0
GGCGAAGAAGTCTATCTAGT,0
CAGATGAGTTTTAGCCACCG,1
AACGATGCGAATGTAGCCGG,1
GGCTCTTGCTGTCAATCTGG,1
ATGAACGTGCTTGTTCTTTT,0
AACTAGACGAGCGTAAGTGA,0
AACAAAGTCCCAGCTTCTTG,1
TCGCTGTCGCTGGTACGTGG,0
GAGGTTGGAGACCCGGCGAA,1
TTCGACTGGGGCGTAACTAC,1
TAATTTGCTTGATACGACAA,1
ACGTCTTTAAGCAACGTAAC,1
CTGTCTATTACAGAATAATG,1
CGATTATAGTGCGACCCAGG,0
GTGGTTACTTACGCACCCAT,1
TTATGCGTTCTGCATTGCTC,1
GGTCTCCCATAAAGGTGAAA,1
CCCGTTACCTCCAACGACGA,1
GGGCCCACAGACGTAGTGAA,1
GCGGCAAACAGTAGGTACCC,0
GTTGCTATAAAGCTCGATTC,1
TTTTGCCCTAGCGACAGTTT,0
AGAAGCTTATCTTTGGAAAG,1
CGGGTCTAGTACTCAGGACG,0
CACCTCTACACCGACCCGAT,1
GTAGGGGTAACGGCCCGAGT,1
CGGGCATGTGTTCGCTGACG,0
ATACCTCTTTCTATTAATCG,1
GCTACTACACGCCGTGTCGG,0
CATACGTCCTTCATGGACGG,0
TGAACGGTTGAGCGGGGCGC,1
AGTCCTCACCCATCTGTGCC,0
ACTCCCCGCGAACAAAGGAC,1
TACCAACTTAGTTCGTTCCA,1
AAATTATCTATACACCACGT,0
TGACATTGCCTGGCACTATC,1
TATGCGTCACACACCGAAGT,0
TCTGTGGATTAGCGGCTACA,1
AGGCTGCGCTTAGTTTGCGA,1
TATAAATAGTTGTGGCTCAG,0
GTGAGACCACCTAACACGCA,1
TAAGTCTCAGTTAAAGTATG,1
GAAATTGAGTGCCCTGCTAG,1
GGCAAACTCGGCGCATCCTG,0
ATAATCAGGACTTAGTATTG,1
ACCGCTACCGCAAATGCGAG,0
GGCGTGTCGGCGGAATGCGT,1
ATAGGTTACTTATTAATTAC,0
GGACGATTTCGGGGGATAGT,0
CATATCGCGGCCGGACTGAC,0
CCGTGTCGCGCCGCAAAGGG,1
GCTAGGGCGCGTGGACCGGC,0
ACGTGCTCACTACATGTTAC,1
TTAGATGAAGCATCGATTAG,1
GACTATTTGGGGATTGCAAT,1
CCCACGATCGCTATTCTCCC,0
CGTTTTAGTTTTCTGCGCGG,0
GCAGGCTCTTTAGACAGAAA,1
TGAGCAGAGCGATTGTCTCG,0
GCCGGTACCACTCCATACGA,0
AATCGTCTTGGCAAGGAACT,0
TTAATCGCGCATTCCATAGC,1
TCCAACCATTGGGGGCTGCA,0
CCGGCTAAAAGCATGAGTGA,1
AGGTTTCTCTAACCGATGCC,1
CAGCACTCCGTGGTCGTGTG,1
AGTATCAGGTTCAAAGAGCG,1
TTCTACAAATCCTTACGCGC,1
GGACCACAATCCTCACCGGC,0
TGGACATGGCGGACAGACCA,0
CCTCCTAAGTGGTTCACCAT,1
CGCCAGAGACAGCCCATAGG,1
TATCGGACTACCGGGGACAC,1
AAAGCACCATGTGAAAGTTC,0
AATCTTGGTTAGAAGGCTAC,0
GATTACGAGCGCTCCGAAGA,0
GTCTATCAGCGTACTACCCG,0
TGTAACATACGTCGCAAATG,1
GTTATATTGTGAAGGGATGC,1
TAGGGTTACCGCTCTATCCT,0
GCAGGTGGGTCATTGGCTTA,1
AAAATATGACAGCGGCGCTC,1
ACGTTTAAGTTGGAATCTAA,0
GTGACAACTATAACCACATA,0
GAGTCCATTTCAGGGCGTGG,1
AATGATCGCATTCCTATGCA,0
AAAGGTGTTTCTTAGTGTGC,1
CGAACGCCCCACGATTAGGG,0
CTGACAGTGTTAGGGAGGCA,1
TATTGGAATTGGGGATGTTG,0
CGATACACCCTACGAATCGT,0
GACATTGTAAACAGATTGTC,0
TTACCTGCGTACTCGATGTA,1
CGCATGATCATACCAAATTA,1
TCTCGAACTCGTTGTAGCCT,0
GAAGATGTCTCAAAAAGACG,1
CCAATACAAGGAGAAGTTTC,0
CAAGTGACAACGAAATATGT,0
ATATAGGGGATGAGAAAACG,0
CCGCATATCGGGTATCTTGA,1
TATAACGCACGCGGTTCAGT,0
TCATAGATAGGTGACAAGAG,0
ATCTGTGAAAAACCAACTGA,1
TCCGCTCCCGGGGGCAGTGG,0
CTGAGGCACTATAACTTGAG,1
AGAATGCGTGGAGCCGGCTG,1
GTCGGATACAATACCCAGCG,0
GAATTAATGACTTTAACGCA,1
TTGACGCTAGGTACGCCTGC,0
GGGGTCCCAATGTCCTGTCA,0
AAATGAGAGCTCAGTCGCGC,1
CCTACCGGATAAAGGAGATC,0
CCCTTCTAGGGCTTACTAAA,0
CCAGTTGGTCCGGAGTCCGC,1
ATCGTCTTTCAAGGCGTTCT,0
CTCTCCCTTGCATTGGTACA,0
AACGCCACCGGTGTTACCAG,1
CTTTCGAGGCTCATCGGATG,1
CCGCGTCCTTAGACCTTTAT,0
GCGTGGTTTCATTAGCACGA,0
AAGATAGCGGACCTTAAGTC,0
ATTAAGTTCGAACATGACTC,1
TAAGCTTCCCGTGTGATTAA,0
TCAAAATTTGCACTAGGCTA,0
CCCGCCGTCAATATTAAAAA,0
CCTGCGCAAGCCGTAATCAG,0
GAGTATCCATTAACAGACCC,0
CGAGGGTCGTTGTAGGGACA,1
CCTGTAGTACTGTTTTCAAC,0
GCTCCAGCGGCCGTCCACCC,1
AAGTGATTGTAGTCCCCGTC,0
GGGACAGTCCCCCTGACCAG,0
ATTGGGGCTCCACCGTCGGC,0
CGACATCAGTTTAAATAGAT,1
AGGGAATCAGCGGTCCGATC,0
GCTCCCCATGACACCAAGAT,0
GTTCGATGGGCACAAAACTC,0
AAAACCTCGCTGTGTGGGCG,0
TGTGCTGAATCCGACTACCT,1
CGCTGCTTATAACCGTAGAG,0
GCTTTATAGCTCTGTTAGCT,1
TCGTGATGCCAGTTCATGGG,1
CCACTTTTTCCGCCCTGATT,1
GGTGAGCACGCTTCCTACGC,0
CACGAACTTACGAATAAATC,1
GAATATCCCTCTCGGCATCG,0
TATGATAGCATGCTCTAAAT,0
CTATTTATTTAAGGAATAGC,1
CGTGCCGATGAGGTAAGACG,1
CCACCCGGGCACTACTATTA,0
GCAGTTAGCTCCCTTGATTC,0
ACACGGTGCCACAACCCGCC,1
GGTAATGCACTCAGTATACA,0
TTCCGAGTATCCCCTACCGA,0
CCCCAAAATTCCCTAGACTC,0
GTAGGTACGCAGTGTTCTAT,1
TTGTGCGAAATGGCCTCGTC,0
ACCCGCGTTCAAAAAGCTCA,1
AAGTATATATGCACGTTTAC,0
CTTCGCGTATTATCATTTCT,0
TATTAGCACTTCATCTCATA,0
AGTCCCCCTTAGCGCCTTAA,0
CCGAAATGACTCTCACAGGG,1
CGCCCCACTCCGCGAGGCGT,1
TGGGTCCAGTACTCCACCCA,0
TTCGATTGGAGAAAACCGAG,1
TGATCCTGTTTTTCCTATGG,0
GTCTCATGCGCCTTCACTAC,0
CTATTCTAGGAATCACCCGT,0
TCCTGTCTCAGTCCATGAGG,0
ACACTGGTAAACCACAAGGA,1
TAGCACCCGGCAGGGTCGCT,1
GCGCTTACCATCTCAGGGCG,0
TGTCCGAGTGGCAAATGCTT,1
ATCCCGAGCCCATGGCTAAC,0
CGATACCTTTGGCTCAGAGA,1
TTAACCCTTCGGTTCTGTGT,1
TGGCGAGCCATTGGAACTGG,0
GGGACTTATCGTTCTCCGGC,1
CGTCCGGGGGGCGTGCCAGT,0
TGCATTCTAACCTGTGTCAT,1
GATGTACGCGCTCTGAACCT,0
TTGCGCAAACGGATAAATCC,1
GACTAGTCCTGCGACGTCGT,0
CCGTGAACTCGATTACTGCC,0
GCAGCCCTACGCAACGTTAC,1
GAGTACCTGTAGGTCATGGC,1
TGGGAAAACTGTATATGTTT,1
GAGAAGACGCGCAACGGAAC,0
TTTGGGTCTGCCGCGCGCAC,0
CGACTCTATCTTGATACCGC,0
CACTAAAAGCATCAAGTAGT,0
CGCTCACCGTGCTATCACTA,1
GTCTACCACCAATGAGACTC,0
CACAGTGTAGCTCCCCGATA,0
CGAACGCGGGAAGAATTGCG,0
AAATGCGTGAACTCCACATA,0
TGGGCTTTCCCCTATAGCTA,1
CCCGTATAAATAATAAGTCG,0
ATCTTGAGTGGCAACTGAAG,1
GTCGGACGCTTTCAGAATCC,1
CACTCCATTTCTTCAGCGAT,0
TGTGAATGCCCTCCTTGCCG,0
AGAGACCCCCGCGACATGCT,1
CACGTGACGTGCCGTTGGAA,1
CACATGATCGCACCGTAACT,0
AGCCCTGTCACGTACATGTT,1
CGTCTATTACCTCTGGTTTC,0
GTGCTTTGGGACGGGCGTTT,0
GACGGACGGCTGATCGCGTA,1
TCTTCGCCAGTTAAATGCTT,0
AGTCAAGTTAGAATGGGCGC,0
CTAGTACACGCTAAAACATA,0
CTCCTCAACTGCTACACCTC,1
CCCATCTCACAACTCAGCAT,1
CTGATATCTGCCGGGAACGG,1
CTGCTTTATAAATACCCCCC,0
ATTGGCGTTTGATGGCATAG,1
CATGGCTTAACAGTTACGTG,1
CCCTCACTTTTCGACGGTGC,1
CCAGACTAAAAATGCAGGGT,1
GCTTAGTAGGGCGGTGACAA,0
CGTACTGCCGAGTGATAACC,0
TACGGAGTAGTCTGTTAATA,0
CTTAGGTGCCAAGAGTGTGC,0
TCGTCCTCATCCTCTCCAGT,1
GGTAACGGCAGATGAACGCA,0
CTTGGGTCAGTAGGCGACAT,1
TATCACGCCCTCTGATGACC,1
CTCTTAGAGCCCAGTAGGCC,0
GATATCAGTGGCGCAGATGC,1
AAATAGGACTAAGATAGGTC,0
TGGGTTTCCTCCTTGGAGCG,0
TCGGGGCTAATTTCGCCGAA,1
TAGCACAAACACAATGGGTC,0
TAGAATGCGGAACCTCTAAT,0
TGTTGTAAAAGTGACGGCCG,0
TGTTTACGGTTTCCTTCCAG,1
CGCATAGTTTGGGATGGGAT,0
TGAAAGACTCTTTAGACCTA,1
CGGAATTACTGGGGCGCCCC,0
CGGGAATTCGGCTATCTCGG,0
AAACCTCTTAGTTGATCTCT,1
CATTGCAACCCCGATCATAA,0
TATTATCTTGAGATTGGGTG,0
GTTGGACGGCCGCGATATAC,0
GACTTCGGCAGGTTTTTTTA,0
AATTGGGTTTAGATGTCAAG,0
GAGTAGGGAACCCTGAGCCG,1
CAGCCGCCTGTCTAGCACAG,1
GCCGTCGCTTAGCGATAGCG,0
CGCTATAACATTAAGGATCG,1
TAACAAGACAGACGATCCAG,0
TTGTTGGACTCAGAAGTTAA,0
CGTGGCTCAGGCGCCATGAA,0
TGACCTGCTAAATTGGTAGC,0
CCATGGCCCTCTAGGAGCTC,0
ATGGACAACCTGATCGAACG,0
TTTTGTTCTCCCTTAAAAAA,0
CGTGCCGCGGACGCACTAAA,0
ATACAAAAGTGCCGACAACG,0
GGCGCACAACAACGTGCCAG,0
TTGGCGCAACGAAGCGACAC,0
GCGAACCCCCTATGCTTAAG,0
CCCGCCGAGTTGCTCGGCAT,0
TGTTCAGTGCCTGAAAGTCA,1
AAGAGGGTCACCGACCAACA,1
GAAGGAGCGCATCCTATCAT,0
GCGAGGTACATTACTTCCCG,1
CGGTCTTTCCATAGAAGGTA,1
AACATCCACGTTACTGATAA,1
GGTATTCGCATGCTTAGGCT,0
ATTACCCCCTGTAATGAAAG,0
TTTGAAACTGGCAATAGGGT,1
TCGGACCACGAAAGCAGGCT,0
TGCTAACAGGACAGGCAGTC,0
GTATGGCGACACTCCCCTAC,0
CGGTCCCATCATGGGGGCAT,1
GTACTAGCAGGAATGTCCAA,0
TGGTTGTTCGCTCACTTAAA,0
CTTCGCAGATAGTCGTACCG,0
TATGTGGAACTACACCCCGT,1
TTGCTCAGTAGGTAAGTGCT,0
ATTGCGCCAGGTAATAGTAG,1
TAGCTCGTCATCGGTTTCCT,0
TTGTTGTGTGGTCCCATAGG,0
TGACCGTATTAACGTTTTCC,1
CTATGCCCCTGACCATAAAT,1
AGCCGCCAATAGCCACGAAC,1
TGCCAGTATCTACAGCCGCG,0
AAGCTAATGTTCGGCAATCT,1
GACACCCGGAGCACGGATGC,0
CGATTGGTTGCTGCGCAGCA,0
CCAGTAGTTTGAGTACTCTA,1
GCTTGAAGGTGGATTCTGTC,0
AAAATAAGGCGCGATGACCC,0
GGGCCTCAACACAAAGTGTA,1
TGATGAGCAGATGGCTAAGT,1
GGCCCAATACAGATTATTGG,1
GCAATCTAGGATTCCTAAAG,1
CTGTGCGTGTGAAGGGCAAG,1
GGGGATCTCAGGTCTAAAAG,1
TGCCGCACTGCGACGAGCTC,1
TCTAAAAATAGATTTCATTG,1
AGCCCCGCTGGATCCAAACT,1
TAATGTAGATTCGGGGCTTT,1
TTACTAGGAGGGCTGACCCA,0
AGATACTATATCGAATGGTC,0
GAGCCCGTAGCCGGCCGGAG,0
TACGGGAGTCTGACCCAATC,1
TGCAGCTAAAACGCAGTGCA,0
GAAAATACGAGCCCCTCGCG,0
AATCGATTATAGATCCAATT,1
ATATACAGATCCCCCCCGGG,1
TTTTAAAGAATGTAATATTC,0
GCCAACACGGTCTTATCATG,0
CGACACTGATAAGGCAAGTT,0
TTTTCCATTTTATATTTGAA,1
CCAGCACCTACCCGTCTCCA,0
TAGCTCCACTCAATTATAGA,1
GCTTAGGTTATCGCAACTGC,0
TCCCAGCACTAAACTAAGTT,0
GTTAATGCTATACTGGTAAC,0
CCCGTGTCACTAAGCCACTT,1
GTTGGTTAGGAAGGTCGATG,0
CATCGGTCCACTCAAACAGC,1
TCCACGACGCCTTTCTTTTC,0
TAGCAGACTTGACAACTCGG,1
ATTCATCGAAGCAAGGGACC,1
CATTAGAGTGGAAGCTAGGT,1
AGCCCAAGTTCACAAATGTG,0
GGGAACTGCTAGGACCGAAG,1
GAGTATATTGAATAAATACA,0
ACACAAGAATTGTGTTACTA,0
GGAATTGTTCCTCAACTAAA,0
GGCCGGCGCTCCAGTCTCCG,0
GAGAATAATGAGGGCCGGTT,1
CTACGATATAGTGACCGCAA,0
ATCTGACGTATTTCGCACCC,0
TACTGGACCCTCATTGTACT,0
CCTAGTCCTAGTGAACACGC,1
ACTACACACATCACATCTCA,0
TTTGTCGAATCTAAGGGGTA,1
TCAATTACTCGTACGCGTAC,1
TACAACAGCCCACTGATCGC,0
CTTGCCTCCACAGTATGGTT,0
CCGATTACAGTAATTGAACA,1
GACCTAGATCCAATGGTAAA,0
AGCTTCATCCTGCGGCTAGC,0
GCAATTTCTCATATCACCTT,0
AAGTATAAGGTATACATATG,1
CTAGTGACCATTCCTGCCAT,1
CCGATAGTACGGATGAGCTC,1
TTTCAAGCAATGGACTAGCG,0
CTGAGACACTAAGGCAATCG,1
GTCATCGACTTAAGTGACAC,0
CTAGAGTGCCTAAGTAGCAA,0
CCACTATAGGGAGGCAAACT,1
CCTCCCTACGAGCGATCAAA,0
ATCGGAACGCGAAACGGCTC,0
GTGTGGATCATTACAGGATC,0
TTACCGCTCACTTGAGTTTC,1
GATACGTTTGGCCCTACAGC,0
CATGAGTAGATAAATACACC,0
CGTGGGATAGCAGCCGAAGT,0
GACTTTCTATACAAAGCATC,1
CAGACAGTCTCGATGCGTGA,0
TTCCTGGCTGCCGGATTATT,0
GCGACGCCGAGGTGTTATAC,0
CTGTTATTCTGGCCAGGAAT,1
CTGCCCAGCTACACGCCGGA,0
CGCTGTGGATCAATTACGCT,0
CTTAAGCCGAATCTTCTAAC,1
CTCTGTTATAGCAAGTTTAT,0
CGCACCGCAGGGGCTCGGGC,0
CTCTATGTGCCGCGTACACC,0
GGATAATATATCCGCCCGCG,0
CTCCGCGGATAATTTCATCA,0
GAACAATCACCCGGTTGCCA,1
ACTGGCTTTTCTGCCAGCGA,0
CACTCAGTACCGCTAGGATG,1
CCGCTCGGAAAGGGTTAGTT,0
ACTCGCGGACCAAGTCTCAC,0
TCTCCATTCTACCTGTCGGG,0
ATTGCAAATAAGGCCTGAAC,1
ATTACGCATGTAAACGAGGG,1
CTCTGCTTATCAGATTGGGT,0
AGCATGTACCCGAGATCTTT,0
CACTAGGGCGCGATGTGCTG,1
ACAAGTGGCTTAAAACTTGT,0
TTTCCGTAGTCCGACCTAGG,1
GAGAAAATAAGAAAAAGGGA,0
ATATCCACCTGTACTGCGTG,1
AGGACGGAGCTTACCTTCTG,1
CATCAAGCGAGCATCCACAT,0
CGTGAACATCCATATTCGAG,0
GCGTTGCCCAGTTGACGACC,1
TACGCGAGTAATTGCTAGAA,1
TTATTACTCCGCACACATTA,0
GTTACCAAGTTACTTGAGTC,1
GGAAGTGACCGCCCAGAGGT,0
TCCCATGTGTATGGTATCTC,0
ACAGGACGTTACGCCCTTCT,0
CCTGTCCGAGTCCACAAGTA,1
AGCACACTGAATCTGCGTGT,0
ATCCGGGGAAGCTATCGCCG,0
GGAGGGCAGTATCGAAAACA,1
CGTAACGGATTCAGTATGTG,0
CGACCTTCAGTGATGCGATT,0
AGCTCCGTACTTATGCGAGG,1
GCAATGGAGCTTCACTATGA,0
CCTAGGGGAACGTATATGGT,0
TCACTCCAGCTTCAACACTT,1
CGGATGTCCGTGTCGTGGTG,0
ATTGGTCTCGTTTTGCGAAG,0
GACGTTGCTGGCACTGCTGT,0
AATTCACCGGCTAAATAACA,1
TTTTGCACAGAGATGTTATG,0
ATGGACTCATTAGCTCTGAA,0
CACATATTAGTCTACCTTAA,0
CGGGGTGTAGATCCCCGTTG,1
CAGGTTTACCAGGACTCCTT,0
AGCGACCTCCCCCGGCTCAC,1
AGACTCTTTCTGGTCGCTTA,0
GTCTTTCTTGTATCAGGCCT,0
TATAGTCACATTCCGCTTAT,0
ATATACCAAATGGGAGGCCC,1
TAGTGCCAGATTTCATTATC,1
GTGTATGCCAAAGGTAACGT,0
ACAAGGTTGTCGTAATGGCC,1
AACTGGAGGCTCCCTTCGCC,0
AGGTCCGAAGTAAAAGCCCA,0
GTCCGGGGTAAGTGTTCATT,1
GAGGCGATGCTAACGAATAC,1
AGGTTATCGCACACGCTCAA,1
TAACAATAAGGCACTGCACA,0
